outcode,city,lad_code,total_properties,pct_poor_epc,pct_old_build,pct_terrace_or_flat,dominant_house_type,latitude,longitude,council_hazard_count,f1a,damp_risk_score,risk_level
B1,Birmingham,E08000025,10362,3.8,1.7,63.8,Mid-Terrace,52.47957761155914,-1.9077991223118278,0,0,18,Low
B10,Birmingham,E08000025,10145,30.7,61.0,82.1,Mid-Terrace,52.47011754923414,-1.8532944485776806,0,0,56,High
B11,Birmingham,E08000025,16053,32.7,64.6,79.7,Mid-Terrace,52.45536785396518,-1.8597511972920695,0,0,57,High
B12,Birmingham,E08000025,11909,16.3,34.4,72.2,Mid-Terrace,52.46117541568627,-1.882674566013072,0,0,38,Moderate
B13,Birmingham,E08000025,15865,25.1,36.6,44.0,Semi-Detached,52.47672104140969,-1.8811886149779735,0,0,34,Low
B14,Birmingham,E08000025,16959,23.6,20.0,56.3,Semi-Detached,52.41884773699422,-1.890274858381503,0,0,30,Low
B15,Birmingham,E08000025,11238,8.6,6.2,49.7,Mid-Terrace,52.46798819672131,-1.9234058606557376,0,0,18,Low
B16,Birmingham,E08000025,16187,16.6,34.3,55.4,Mid-Terrace,52.67484820469799,-1.924067591442953,0,0,33,Low
B17,Birmingham,E08000025,12109,22.4,36.6,51.8,Mid-Terrace,52.46150651314143,-1.9628929161451814,0,0,35,Moderate
B18,Birmingham,E08000025,11382,11.5,33.5,75.9,Mid-Terrace,52.68884917341641,-1.914103111111111,0,0,36,Moderate
B19,Birmingham,E08000025,12005,15.4,33.0,73.2,Mid-Terrace,52.49626644186046,-1.9060809113372095,0,0,37,Moderate
B2,Birmingham,E08000025,844,8.1,14.6,80.0,Mid-Terrace,52.48632694651163,-1.8973197895348837,0,0,29,Low
B20,Birmingham,E08000025,14480,24.4,44.9,55.6,Mid-Terrace,52.51342663443709,-1.9187825827814569,0,0,40,Moderate
B21,Birmingham,E08000025,14131,29.8,69.3,80.2,Mid-Terrace,52.565448847522234,-1.9337733519695044,0,0,58,High
B23,Birmingham,E08000025,21970,20.5,27.0,51.0,Semi-Detached,52.60226502911094,-1.8484761856805665,0,0,31,Low
B24,Birmingham,E08000025,11749,22.9,26.0,40.4,Semi-Detached,52.51970343455497,-1.8287947486910996,0,0,29,Low
B25,Birmingham,E08000025,6556,26.9,35.0,67.0,Mid-Terrace,52.54534143694494,-1.8236062007104794,0,0,40,Moderate
B26,Birmingham,E08000025,12517,21.7,7.2,27.3,Semi-Detached,52.460652767287236,-1.792619529255319,0,0,17,Low
B27,Birmingham,E08000025,9942,24.3,33.2,54.4,Semi-Detached,52.445759430147056,-1.8237489227941177,0,0,35,Moderate
B28,Birmingham,E08000025,10263,26.5,14.4,30.9,Semi-Detached,52.428071331018515,-1.8431295011574076,0,0,23,Low
B29,Birmingham,E08000025,18055,16.2,32.0,56.4,Mid-Terrace,52.43775498033959,-1.945260308310992,0,0,33,Low
B3,Birmingham,E08000025,4098,6.5,4.5,76.1,Mid-Terrace,52.48233378720445,-1.9029443643949933,0,0,23,Low
B30,Birmingham,E08000025,11653,19.9,35.8,54.2,Mid-Terrace,52.47373336061947,-1.925984075221239,0,0,35,Moderate
B31,Birmingham,E08000025,23700,14.4,6.9,36.5,Semi-Detached,52.40910766135458,-1.9734766772908365,0,0,17,Low
B32,Birmingham,E08000025,17074,15.8,3.1,48.7,Semi-Detached,52.493123812664905,-1.9927600844327176,0,0,19,Low
B33,Birmingham,E08000025,14796,16.5,8.3,53.4,Semi-Detached,52.48088324602333,-1.7879631876988333,0,0,22,Low
B34,Birmingham,E08000025,9000,12.4,2.2,54.3,Semi-Detached,52.49568165714285,-1.7816849714285714,0,0,19,Low
B35,Birmingham,E08000025,4384,3.4,0.1,62.1,Mid-Terrace,52.517095441048035,-1.789939746724891,0,0,17,Low
B36,Birmingham,E08000025,5214,24.2,3.0,37.9,Semi-Detached,52.50453033379694,-1.78012176216968,0,0,19,Low
B37,Birmingham,E08000025,124,9.7,0.0,41.9,Semi-Detached,52.4784424771033,-1.7417776070287538,0,0,14,Low
B38,Birmingham,E08000025,8980,11.4,2.3,54.2,Semi-Detached,52.401067846543,-1.9339052580101181,0,0,18,Low
B4,Birmingham,E08000025,3515,3.4,5.2,87.0,Mid-Terrace,52.4838566036961,-1.893621593429158,0,0,25,Low
B42,Birmingham,E08000025,9138,21.2,7.0,37.1,Semi-Detached,52.65216453283767,-1.8989959553903346,0,0,19,Low
B43,Birmingham,E08000025,296,28.4,3.7,49.0,Semi-Detached,52.54761763527653,-1.9282396741405083,0,0,24,Low
B44,Birmingham,E08000025,13856,21.0,8.9,49.6,Semi-Detached,52.545033762202756,-1.8856595281602002,0,0,23,Low
B45,Birmingham,E08000025,9014,9.3,1.3,55.7,Semi-Detached,52.38854183122363,-2.008099029535865,0,0,18,Low
B5,Birmingham,E08000025,11591,5.7,3.3,66.1,Mid-Terrace,52.47209291106291,-1.8968649468546637,0,0,20,Low
B6,Birmingham,E08000025,7911,25.8,49.3,83.4,Mid-Terrace,52.50239301710376,-1.886949527936146,0,0,50,Moderate
B62,Birmingham,E08000025,146,11.0,0.7,7.5,Semi-Detached,52.60914069456067,-2.0312530177824266,0,0,6,Low
B7,Birmingham,E08000025,4560,5.6,5.3,62.1,Mid-Terrace,52.49376796598639,-1.874376589569161,0,0,20,Low
B72,Birmingham,E08000025,3396,23.5,20.3,30.9,Detached,52.55443464361702,-1.8235606037234042,0,0,24,Low
B73,Birmingham,E08000025,7774,26.5,18.5,25.1,Semi-Detached,52.651994807429126,-1.8340033450635387,0,0,23,Low
B74,Birmingham,E08000025,5523,19.4,9.0,18.7,Detached,52.58237887474333,-1.8572123234086244,0,0,15,Low
B75,Birmingham,E08000025,8921,15.2,6.7,24.0,Semi-Detached,52.57774182742317,-1.8109485283687943,0,0,14,Low
B76,Birmingham,E08000025,6479,12.6,3.8,25.6,Semi-Detached,52.54476971773445,-1.7894988542246981,0,0,12,Low
B8,Birmingham,E08000025,15678,26.7,48.7,70.0,Mid-Terrace,52.490029472400515,-1.8427788780487806,0,0,46,Moderate
B9,Birmingham,E08000025,9779,24.0,48.3,69.6,Mid-Terrace,52.47809476296297,-1.8527880864197532,0,0,45,Moderate
M1,Manchester,E08000003,11929,5.2,10.6,70.0,Mid-Terrace,53.925892426782276,-2.2151616946050092,0,0,24,Low
M11,Manchester,E08000003,11885,10.8,32.6,67.2,Mid-Terrace,53.76892819179304,-2.1696179759143623,0,0,34,Low
M12,Manchester,E08000003,8479,14.2,33.6,69.8,Mid-Terrace,54.23284885824176,-2.1696710725274726,0,0,36,Moderate
M13,Manchester,E08000003,9766,16.8,38.0,68.0,Mid-Terrace,53.46222189370079,-2.2171487335958004,0,0,38,Moderate
M14,Manchester,E08000003,24159,14.1,50.1,69.1,Mid-Terrace,53.681353975440814,-2.2138237078085643,0,0,42,Moderate
M15,Manchester,E08000003,16297,2.4,1.7,60.5,Mid-Terrace,54.28539404037267,-2.213004593167702,0,0,17,Low
M16,Manchester,E08000003,10021,19.0,41.3,52.0,Semi-Detached,53.93933252303699,-2.2416919597663854,0,0,36,Moderate
M18,Manchester,E08000003,12065,16.4,45.3,68.6,Mid-Terrace,53.46148966372981,-2.1729398443465495,0,0,41,Moderate
M19,Manchester,E08000003,14693,21.8,50.2,51.8,Semi-Detached,53.74551413692162,-2.1809478866855527,0,0,41,Moderate
M2,Manchester,E08000003,391,12.8,32.2,37.9,Semi-Detached,53.4802691380814,-2.2446559374999997,0,0,27,Low
M20,Manchester,E08000003,22626,14.0,36.2,45.1,Semi-Detached,53.425104297766744,-2.2316849421009097,0,0,31,Low
M21,Manchester,E08000003,11872,18.9,41.9,46.8,Semi-Detached,53.76055979217041,-2.2577128370754176,0,0,35,Moderate
M22,Manchester,E08000003,25080,8.1,3.0,53.3,Semi-Detached,53.69958972874494,-2.2459836981556456,0,0,17,Low
M23,Manchester,E08000003,19201,8.3,2.7,54.7,Semi-Detached,53.397197076153844,-2.2865199623076924,0,0,18,Low
M3,Manchester,E08000003,5288,1.7,2.5,76.9,Mid-Terrace,53.48356447451963,-2.252237595655806,0,0,21,Low
M33,Manchester,E08000003,328,14.6,4.0,38.7,Semi-Detached,53.864920482339535,-2.302691182681352,0,0,16,Low
M4,Manchester,E08000003,17364,3.0,4.9,59.2,Mid-Terrace,53.928478918951136,-2.2094247628128727,0,0,18,Low
M40,Manchester,E08000003,18931,12.5,22.1,64.7,Mid-Terrace,53.88882428017719,-2.175811215946844,0,0,29,Low
M7,Manchester,E08000003,430,8.4,10.5,46.3,Semi-Detached,53.50427496896338,-2.261743508379888,0,0,19,Low
M8,Manchester,E08000003,14637,20.6,38.3,60.6,Mid-Terrace,53.864058818330605,-2.2237974609929076,0,0,38,Moderate
M9,Manchester,E08000003,19221,13.4,23.3,62.1,Mid-Terrace,53.54516471109985,-2.2132734272681196,0,0,30,Low
WA15,Manchester,E08000003,123,22.0,22.0,61.8,End-Terrace,54.54169672542205,-2.27127565938431,0,0,32,Low
