URL,Page_Type,Entity_Identifier,Region_City,Target_Keyword,Technical_Data_Summary,GSC_Index_Status,Date_Deployed,Date_Indexed,Impressions_7D,Clicks_7D,Current_SERP_Position,Optimization_Action
https://checkdamp.co.uk/,Homepage,Homepage,UK National,uk damp and mould risk index,National Postcode Risk Index & Assessment Tool,Indexed,2026-10-10,2026-10-10,,,,
https://checkdamp.co.uk/damp-risk,Static Hub,damp-risk,UK National,uk damp risk postcode directory,Directory Hub covering 253 Postcode Outcodes,Pending / Discovered,2026-10-10,,,,,
https://checkdamp.co.uk/cities,Static Hub,cities,UK National,uk damp risk cities directory,"Regional Hub covering Birmingham, Manchester, London",Pending / Discovered,2026-10-10,,,,,
https://checkdamp.co.uk/cities/birmingham,City Hub,birmingham,Birmingham,birmingham damp and mould risk,City Hub with Victorian solid brick housing analysis,Pending / Discovered,2026-10-10,,,,,
https://checkdamp.co.uk/cities/manchester,City Hub,manchester,Manchester,manchester damp and mould risk,City Hub with terrace & high humidity rainfall analysis,Pending / Discovered,2026-10-10,,,,,
https://checkdamp.co.uk/cities/london,City Hub,london,London,london damp and mould risk,City Hub with Victorian & Edwardian flat analysis,Pending / Discovered,2026-10-10,,,,,
https://checkdamp.co.uk/compare,Static Hub,compare,UK National,compare uk postcode damp risk,Postcode Comparison Matrix & Tool,Pending / Discovered,2026-10-10,,,,,
https://checkdamp.co.uk/guides,Static Hub,guides,UK National,uk damp mould condensation guides,Editorial Library of 14 Expert Pathology Guides,Pending / Discovered,2026-10-10,,,,,
https://checkdamp.co.uk/about,Static Hub,about,UK National,about checkdamp uk building pathology,E-E-A-T Editorial Methodology & Surveyor Profile,Pending / Discovered,2026-10-10,,,,,
https://checkdamp.co.uk/contact,Static Hub,contact,UK National,contact checkdamp uk moisture diagnostics,Surveyor Enquiries & Support,Pending / Discovered,2026-10-10,,,,,
https://checkdamp.co.uk/privacy,Static Hub,privacy,UK National,checkdamp privacy policy,GDPR & Data Protection Compliance,Pending / Discovered,2026-10-10,,,,,
https://checkdamp.co.uk/terms,Static Hub,terms,UK National,checkdamp terms of service,Terms & Conditions of Service,Pending / Discovered,2026-10-10,,,,,
https://checkdamp.co.uk/damp-risk/b1,Outcode pSEO,B1,Birmingham,b1 damp and mould risk score,Risk: 18/100 (Low) | Solid Wall: 6.4% | Poor EPC: 3.8% | RH: 82.6%,Pending / Discovered,2026-10-10,,,,,
https://checkdamp.co.uk/damp-risk/b10,Outcode pSEO,B10,Birmingham,b10 damp and mould risk score,Risk: 56/100 (High) | Solid Wall: 55.6% | Poor EPC: 30.7% | RH: 84%,Pending / Discovered,2026-10-10,,,,,
https://checkdamp.co.uk/damp-risk/b11,Outcode pSEO,B11,Birmingham,b11 damp and mould risk score,Risk: 57/100 (High) | Solid Wall: 58.6% | Poor EPC: 32.7% | RH: 84%,Pending / Discovered,2026-10-10,,,,,
https://checkdamp.co.uk/damp-risk/b12,Outcode pSEO,B12,Birmingham,b12 damp and mould risk score,Risk: 38/100 (Moderate) | Solid Wall: 33.6% | Poor EPC: 16.3% | RH: 83.3%,Pending / Discovered,2026-10-10,,,,,
https://checkdamp.co.uk/damp-risk/b13,Outcode pSEO,B13,Birmingham,b13 damp and mould risk score,Risk: 34/100 (Low) | Solid Wall: 35.4% | Poor EPC: 25.1% | RH: 83.2%,Pending / Discovered,2026-10-10,,,,,
https://checkdamp.co.uk/damp-risk/b14,Outcode pSEO,B14,Birmingham,b14 damp and mould risk score,Risk: 30/100 (Low) | Solid Wall: 21.6% | Poor EPC: 23.6% | RH: 83.1%,Pending / Discovered,2026-10-10,,,,,
https://checkdamp.co.uk/damp-risk/b15,Outcode pSEO,B15,Birmingham,b15 damp and mould risk score,Risk: 18/100 (Low) | Solid Wall: 10.1% | Poor EPC: 8.6% | RH: 82.6%,Pending / Discovered,2026-10-10,,,,,
https://checkdamp.co.uk/damp-risk/b16,Outcode pSEO,B16,Birmingham,b16 damp and mould risk score,Risk: 33/100 (Low) | Solid Wall: 33.5% | Poor EPC: 16.6% | RH: 83.2%,Pending / Discovered,2026-10-10,,,,,
https://checkdamp.co.uk/damp-risk/b17,Outcode pSEO,B17,Birmingham,b17 damp and mould risk score,Risk: 35/100 (Moderate) | Solid Wall: 35.4% | Poor EPC: 22.4% | RH: 83.2%,Pending / Discovered,2026-10-10,,,,,
https://checkdamp.co.uk/damp-risk/b18,Outcode pSEO,B18,Birmingham,b18 damp and mould risk score,Risk: 36/100 (Moderate) | Solid Wall: 32.8% | Poor EPC: 11.5% | RH: 83.3%,Pending / Discovered,2026-10-10,,,,,
https://checkdamp.co.uk/damp-risk/b19,Outcode pSEO,B19,Birmingham,b19 damp and mould risk score,Risk: 37/100 (Moderate) | Solid Wall: 32.4% | Poor EPC: 15.4% | RH: 83.3%,Pending / Discovered,2026-10-10,,,,,
https://checkdamp.co.uk/damp-risk/b2,Outcode pSEO,B2,Birmingham,b2 damp and mould risk score,Risk: 29/100 (Low) | Solid Wall: 17.1% | Poor EPC: 8.1% | RH: 83%,Pending / Discovered,2026-10-10,,,,,
https://checkdamp.co.uk/damp-risk/b20,Outcode pSEO,B20,Birmingham,b20 damp and mould risk score,Risk: 40/100 (Moderate) | Solid Wall: 42.3% | Poor EPC: 24.4% | RH: 83.4%,Pending / Discovered,2026-10-10,,,,,
https://checkdamp.co.uk/damp-risk/b21,Outcode pSEO,B21,Birmingham,b21 damp and mould risk score,Risk: 58/100 (High) | Solid Wall: 62.5% | Poor EPC: 29.8% | RH: 84%,Pending / Discovered,2026-10-10,,,,,
https://checkdamp.co.uk/damp-risk/b23,Outcode pSEO,B23,Birmingham,b23 damp and mould risk score,Risk: 31/100 (Low) | Solid Wall: 27.4% | Poor EPC: 20.5% | RH: 83.1%,Pending / Discovered,2026-10-10,,,,,
https://checkdamp.co.uk/damp-risk/b24,Outcode pSEO,B24,Birmingham,b24 damp and mould risk score,Risk: 29/100 (Low) | Solid Wall: 26.6% | Poor EPC: 22.9% | RH: 83%,Pending / Discovered,2026-10-10,,,,,
https://checkdamp.co.uk/damp-risk/b25,Outcode pSEO,B25,Birmingham,b25 damp and mould risk score,Risk: 40/100 (Moderate) | Solid Wall: 34.1% | Poor EPC: 26.9% | RH: 83.4%,Pending / Discovered,2026-10-10,,,,,
https://checkdamp.co.uk/damp-risk/b26,Outcode pSEO,B26,Birmingham,b26 damp and mould risk score,Risk: 17/100 (Low) | Solid Wall: 11% | Poor EPC: 21.7% | RH: 82.6%,Pending / Discovered,2026-10-10,,,,,
https://checkdamp.co.uk/damp-risk/b27,Outcode pSEO,B27,Birmingham,b27 damp and mould risk score,Risk: 35/100 (Moderate) | Solid Wall: 32.6% | Poor EPC: 24.3% | RH: 83.2%,Pending / Discovered,2026-10-10,,,,,
https://checkdamp.co.uk/damp-risk/b28,Outcode pSEO,B28,Birmingham,b28 damp and mould risk score,Risk: 23/100 (Low) | Solid Wall: 17% | Poor EPC: 26.5% | RH: 82.8%,Pending / Discovered,2026-10-10,,,,,
https://checkdamp.co.uk/damp-risk/b29,Outcode pSEO,B29,Birmingham,b29 damp and mould risk score,Risk: 33/100 (Low) | Solid Wall: 31.6% | Poor EPC: 16.2% | RH: 83.2%,Pending / Discovered,2026-10-10,,,,,
https://checkdamp.co.uk/damp-risk/b3,Outcode pSEO,B3,Birmingham,b3 damp and mould risk score,Risk: 23/100 (Low) | Solid Wall: 8.7% | Poor EPC: 6.5% | RH: 82.8%,Pending / Discovered,2026-10-10,,,,,
https://checkdamp.co.uk/damp-risk/b30,Outcode pSEO,B30,Birmingham,b30 damp and mould risk score,Risk: 35/100 (Moderate) | Solid Wall: 34.7% | Poor EPC: 19.9% | RH: 83.2%,Pending / Discovered,2026-10-10,,,,,
https://checkdamp.co.uk/damp-risk/b31,Outcode pSEO,B31,Birmingham,b31 damp and mould risk score,Risk: 17/100 (Low) | Solid Wall: 10.7% | Poor EPC: 14.4% | RH: 82.6%,Pending / Discovered,2026-10-10,,,,,
https://checkdamp.co.uk/damp-risk/b32,Outcode pSEO,B32,Birmingham,b32 damp and mould risk score,Risk: 19/100 (Low) | Solid Wall: 7.6% | Poor EPC: 15.8% | RH: 82.7%,Pending / Discovered,2026-10-10,,,,,
https://checkdamp.co.uk/damp-risk/b33,Outcode pSEO,B33,Birmingham,b33 damp and mould risk score,Risk: 22/100 (Low) | Solid Wall: 11.9% | Poor EPC: 16.5% | RH: 82.8%,Pending / Discovered,2026-10-10,,,,,
https://checkdamp.co.uk/damp-risk/b34,Outcode pSEO,B34,Birmingham,b34 damp and mould risk score,Risk: 19/100 (Low) | Solid Wall: 6.8% | Poor EPC: 12.4% | RH: 82.7%,Pending / Discovered,2026-10-10,,,,,
https://checkdamp.co.uk/damp-risk/b35,Outcode pSEO,B35,Birmingham,b35 damp and mould risk score,Risk: 17/100 (Low) | Solid Wall: 5.1% | Poor EPC: 3.4% | RH: 82.6%,Pending / Discovered,2026-10-10,,,,,
https://checkdamp.co.uk/damp-risk/b36,Outcode pSEO,B36,Birmingham,b36 damp and mould risk score,Risk: 19/100 (Low) | Solid Wall: 7.5% | Poor EPC: 24.2% | RH: 82.7%,Pending / Discovered,2026-10-10,,,,,
https://checkdamp.co.uk/damp-risk/b37,Outcode pSEO,B37,Birmingham,b37 damp and mould risk score,Risk: 14/100 (Low) | Solid Wall: 5% | Poor EPC: 9.7% | RH: 82.5%,Pending / Discovered,2026-10-10,,,,,
https://checkdamp.co.uk/damp-risk/b38,Outcode pSEO,B38,Birmingham,b38 damp and mould risk score,Risk: 18/100 (Low) | Solid Wall: 6.9% | Poor EPC: 11.4% | RH: 82.6%,Pending / Discovered,2026-10-10,,,,,
https://checkdamp.co.uk/damp-risk/b4,Outcode pSEO,B4,Birmingham,b4 damp and mould risk score,Risk: 25/100 (Low) | Solid Wall: 9.3% | Poor EPC: 3.4% | RH: 82.9%,Pending / Discovered,2026-10-10,,,,,
https://checkdamp.co.uk/damp-risk/b42,Outcode pSEO,B42,Birmingham,b42 damp and mould risk score,Risk: 19/100 (Low) | Solid Wall: 10.8% | Poor EPC: 21.2% | RH: 82.7%,Pending / Discovered,2026-10-10,,,,,
https://checkdamp.co.uk/damp-risk/b43,Outcode pSEO,B43,Birmingham,b43 damp and mould risk score,Risk: 24/100 (Low) | Solid Wall: 8.1% | Poor EPC: 28.4% | RH: 82.8%,Pending / Discovered,2026-10-10,,,,,
https://checkdamp.co.uk/damp-risk/b44,Outcode pSEO,B44,Birmingham,b44 damp and mould risk score,Risk: 23/100 (Low) | Solid Wall: 12.4% | Poor EPC: 21% | RH: 82.8%,Pending / Discovered,2026-10-10,,,,,
https://checkdamp.co.uk/damp-risk/b45,Outcode pSEO,B45,Birmingham,b45 damp and mould risk score,Risk: 18/100 (Low) | Solid Wall: 6.1% | Poor EPC: 9.3% | RH: 82.6%,Pending / Discovered,2026-10-10,,,,,
https://checkdamp.co.uk/damp-risk/b5,Outcode pSEO,B5,Birmingham,b5 damp and mould risk score,Risk: 20/100 (Low) | Solid Wall: 7.7% | Poor EPC: 5.7% | RH: 82.7%,Pending / Discovered,2026-10-10,,,,,
https://checkdamp.co.uk/damp-risk/b6,Outcode pSEO,B6,Birmingham,b6 damp and mould risk score,Risk: 50/100 (Moderate) | Solid Wall: 45.9% | Poor EPC: 25.8% | RH: 83.8%,Pending / Discovered,2026-10-10,,,,,
https://checkdamp.co.uk/damp-risk/b62,Outcode pSEO,B62,Birmingham,b62 damp and mould risk score,Risk: 6/100 (Low) | Solid Wall: 5.6% | Poor EPC: 11% | RH: 82.2%,Pending / Discovered,2026-10-10,,,,,
https://checkdamp.co.uk/damp-risk/b7,Outcode pSEO,B7,Birmingham,b7 damp and mould risk score,Risk: 20/100 (Low) | Solid Wall: 9.4% | Poor EPC: 5.6% | RH: 82.7%,Pending / Discovered,2026-10-10,,,,,
https://checkdamp.co.uk/damp-risk/b72,Outcode pSEO,B72,Birmingham,b72 damp and mould risk score,Risk: 24/100 (Low) | Solid Wall: 21.8% | Poor EPC: 23.5% | RH: 82.8%,Pending / Discovered,2026-10-10,,,,,
https://checkdamp.co.uk/damp-risk/b73,Outcode pSEO,B73,Birmingham,b73 damp and mould risk score,Risk: 23/100 (Low) | Solid Wall: 20.4% | Poor EPC: 26.5% | RH: 82.8%,Pending / Discovered,2026-10-10,,,,,
https://checkdamp.co.uk/damp-risk/b74,Outcode pSEO,B74,Birmingham,b74 damp and mould risk score,Risk: 15/100 (Low) | Solid Wall: 12.5% | Poor EPC: 19.4% | RH: 82.5%,Pending / Discovered,2026-10-10,,,,,
https://checkdamp.co.uk/damp-risk/b75,Outcode pSEO,B75,Birmingham,b75 damp and mould risk score,Risk: 14/100 (Low) | Solid Wall: 10.6% | Poor EPC: 15.2% | RH: 82.5%,Pending / Discovered,2026-10-10,,,,,
https://checkdamp.co.uk/damp-risk/b76,Outcode pSEO,B76,Birmingham,b76 damp and mould risk score,Risk: 12/100 (Low) | Solid Wall: 8.2% | Poor EPC: 12.6% | RH: 82.4%,Pending / Discovered,2026-10-10,,,,,
https://checkdamp.co.uk/damp-risk/b8,Outcode pSEO,B8,Birmingham,b8 damp and mould risk score,Risk: 46/100 (Moderate) | Solid Wall: 45.4% | Poor EPC: 26.7% | RH: 83.6%,Pending / Discovered,2026-10-10,,,,,
https://checkdamp.co.uk/damp-risk/b9,Outcode pSEO,B9,Birmingham,b9 damp and mould risk score,Risk: 45/100 (Moderate) | Solid Wall: 45.1% | Poor EPC: 24% | RH: 83.6%,Pending / Discovered,2026-10-10,,,,,
https://checkdamp.co.uk/damp-risk/m1,Outcode pSEO,M1,Manchester,m1 damp and mould risk score,Risk: 24/100 (Low) | Solid Wall: 13.8% | Poor EPC: 5.2% | RH: 85.8%,Pending / Discovered,2026-10-10,,,,,
https://checkdamp.co.uk/damp-risk/m11,Outcode pSEO,M11,Manchester,m11 damp and mould risk score,Risk: 34/100 (Low) | Solid Wall: 32.1% | Poor EPC: 10.8% | RH: 86.2%,Pending / Discovered,2026-10-10,,,,,
https://checkdamp.co.uk/damp-risk/m12,Outcode pSEO,M12,Manchester,m12 damp and mould risk score,Risk: 36/100 (Moderate) | Solid Wall: 32.9% | Poor EPC: 14.2% | RH: 86.3%,Pending / Discovered,2026-10-10,,,,,
https://checkdamp.co.uk/damp-risk/m13,Outcode pSEO,M13,Manchester,m13 damp and mould risk score,Risk: 38/100 (Moderate) | Solid Wall: 36.5% | Poor EPC: 16.8% | RH: 86.3%,Pending / Discovered,2026-10-10,,,,,
https://checkdamp.co.uk/damp-risk/m14,Outcode pSEO,M14,Manchester,m14 damp and mould risk score,Risk: 42/100 (Moderate) | Solid Wall: 46.6% | Poor EPC: 14.1% | RH: 86.5%,Pending / Discovered,2026-10-10,,,,,
https://checkdamp.co.uk/damp-risk/m15,Outcode pSEO,M15,Manchester,m15 damp and mould risk score,Risk: 17/100 (Low) | Solid Wall: 6.4% | Poor EPC: 2.4% | RH: 85.6%,Pending / Discovered,2026-10-10,,,,,
https://checkdamp.co.uk/damp-risk/m16,Outcode pSEO,M16,Manchester,m16 damp and mould risk score,Risk: 36/100 (Moderate) | Solid Wall: 39.3% | Poor EPC: 19% | RH: 86.3%,Pending / Discovered,2026-10-10,,,,,
https://checkdamp.co.uk/damp-risk/m18,Outcode pSEO,M18,Manchester,m18 damp and mould risk score,Risk: 41/100 (Moderate) | Solid Wall: 42.6% | Poor EPC: 16.4% | RH: 86.4%,Pending / Discovered,2026-10-10,,,,,
https://checkdamp.co.uk/damp-risk/m19,Outcode pSEO,M19,Manchester,m19 damp and mould risk score,Risk: 41/100 (Moderate) | Solid Wall: 46.7% | Poor EPC: 21.8% | RH: 86.4%,Pending / Discovered,2026-10-10,,,,,
https://checkdamp.co.uk/damp-risk/m2,Outcode pSEO,M2,Manchester,m2 damp and mould risk score,Risk: 27/100 (Low) | Solid Wall: 31.7% | Poor EPC: 12.8% | RH: 85.9%,Pending / Discovered,2026-10-10,,,,,
https://checkdamp.co.uk/damp-risk/m20,Outcode pSEO,M20,Manchester,m20 damp and mould risk score,Risk: 31/100 (Low) | Solid Wall: 35% | Poor EPC: 14% | RH: 86.1%,Pending / Discovered,2026-10-10,,,,,
https://checkdamp.co.uk/damp-risk/m21,Outcode pSEO,M21,Manchester,m21 damp and mould risk score,Risk: 35/100 (Moderate) | Solid Wall: 39.8% | Poor EPC: 18.9% | RH: 86.2%,Pending / Discovered,2026-10-10,,,,,
https://checkdamp.co.uk/damp-risk/m22,Outcode pSEO,M22,Manchester,m22 damp and mould risk score,Risk: 17/100 (Low) | Solid Wall: 7.5% | Poor EPC: 8.1% | RH: 85.6%,Pending / Discovered,2026-10-10,,,,,
https://checkdamp.co.uk/damp-risk/m23,Outcode pSEO,M23,Manchester,m23 damp and mould risk score,Risk: 18/100 (Low) | Solid Wall: 7.2% | Poor EPC: 8.3% | RH: 85.6%,Pending / Discovered,2026-10-10,,,,,
https://checkdamp.co.uk/damp-risk/m3,Outcode pSEO,M3,Manchester,m3 damp and mould risk score,Risk: 21/100 (Low) | Solid Wall: 7.1% | Poor EPC: 1.7% | RH: 85.7%,Pending / Discovered,2026-10-10,,,,,
https://checkdamp.co.uk/damp-risk/m33,Outcode pSEO,M33,Manchester,m33 damp and mould risk score,Risk: 16/100 (Low) | Solid Wall: 8.3% | Poor EPC: 14.6% | RH: 85.6%,Pending / Discovered,2026-10-10,,,,,
https://checkdamp.co.uk/damp-risk/m4,Outcode pSEO,M4,Manchester,m4 damp and mould risk score,Risk: 18/100 (Low) | Solid Wall: 9.1% | Poor EPC: 3% | RH: 85.6%,Pending / Discovered,2026-10-10,,,,,
https://checkdamp.co.uk/damp-risk/m40,Outcode pSEO,M40,Manchester,m40 damp and mould risk score,Risk: 29/100 (Low) | Solid Wall: 23.3% | Poor EPC: 12.5% | RH: 86%,Pending / Discovered,2026-10-10,,,,,
https://checkdamp.co.uk/damp-risk/m7,Outcode pSEO,M7,Manchester,m7 damp and mould risk score,Risk: 19/100 (Low) | Solid Wall: 13.7% | Poor EPC: 8.4% | RH: 85.7%,Pending / Discovered,2026-10-10,,,,,
https://checkdamp.co.uk/damp-risk/m8,Outcode pSEO,M8,Manchester,m8 damp and mould risk score,Risk: 38/100 (Moderate) | Solid Wall: 36.8% | Poor EPC: 20.6% | RH: 86.3%,Pending / Discovered,2026-10-10,,,,,
https://checkdamp.co.uk/damp-risk/m9,Outcode pSEO,M9,Manchester,m9 damp and mould risk score,Risk: 30/100 (Low) | Solid Wall: 24.3% | Poor EPC: 13.4% | RH: 86.1%,Pending / Discovered,2026-10-10,,,,,
https://checkdamp.co.uk/damp-risk/wa15,Outcode pSEO,WA15,Manchester,wa15 damp and mould risk score,Risk: 32/100 (Low) | Solid Wall: 23.3% | Poor EPC: 22% | RH: 86.1%,Pending / Discovered,2026-10-10,,,,,
https://checkdamp.co.uk/damp-risk/e1,Outcode pSEO,E1,London,e1 damp and mould risk score,Risk: 44/100 (Moderate) | Solid Wall: 42.8% | Poor EPC: 12% | RH: 80.8%,Pending / Discovered,2026-10-10,,,,,
https://checkdamp.co.uk/damp-risk/e10,Outcode pSEO,E10,London,e10 damp and mould risk score,Risk: 49/100 (Moderate) | Solid Wall: 52.6% | Poor EPC: 21.3% | RH: 81%,Pending / Discovered,2026-10-10,,,,,
https://checkdamp.co.uk/damp-risk/e11,Outcode pSEO,E11,London,e11 damp and mould risk score,Risk: 47/100 (Moderate) | Solid Wall: 50.3% | Poor EPC: 21.3% | RH: 80.9%,Pending / Discovered,2026-10-10,,,,,
https://checkdamp.co.uk/damp-risk/e12,Outcode pSEO,E12,London,e12 damp and mould risk score,Risk: 47/100 (Moderate) | Solid Wall: 50.7% | Poor EPC: 19.6% | RH: 80.9%,Pending / Discovered,2026-10-10,,,,,
https://checkdamp.co.uk/damp-risk/e13,Outcode pSEO,E13,London,e13 damp and mould risk score,Risk: 46/100 (Moderate) | Solid Wall: 48.3% | Poor EPC: 17.6% | RH: 80.9%,Pending / Discovered,2026-10-10,,,,,
https://checkdamp.co.uk/damp-risk/e14,Outcode pSEO,E14,London,e14 damp and mould risk score,Risk: 33/100 (Low) | Solid Wall: 20.3% | Poor EPC: 7.3% | RH: 80.5%,Pending / Discovered,2026-10-10,,,,,
https://checkdamp.co.uk/damp-risk/e15,Outcode pSEO,E15,London,e15 damp and mould risk score,Risk: 44/100 (Moderate) | Solid Wall: 43.7% | Poor EPC: 18.6% | RH: 80.8%,Pending / Discovered,2026-10-10,,,,,
https://checkdamp.co.uk/damp-risk/e16,Outcode pSEO,E16,London,e16 damp and mould risk score,Risk: 47/100 (Moderate) | Solid Wall: 48.3% | Poor EPC: 20.6% | RH: 80.9%,Pending / Discovered,2026-10-10,,,,,
https://checkdamp.co.uk/damp-risk/e17,Outcode pSEO,E17,London,e17 damp and mould risk score,Risk: 49/100 (Moderate) | Solid Wall: 55% | Poor EPC: 18.8% | RH: 81%,Pending / Discovered,2026-10-10,,,,,
https://checkdamp.co.uk/damp-risk/e18,Outcode pSEO,E18,London,e18 damp and mould risk score,Risk: 29/100 (Low) | Solid Wall: 30.1% | Poor EPC: 11.4% | RH: 80.4%,Pending / Discovered,2026-10-10,,,,,
https://checkdamp.co.uk/damp-risk/e1w,Outcode pSEO,E1W,London,e1w damp and mould risk score,Risk: 42/100 (Moderate) | Solid Wall: 36.5% | Poor EPC: 15.5% | RH: 80.8%,Pending / Discovered,2026-10-10,,,,,
https://checkdamp.co.uk/damp-risk/e2,Outcode pSEO,E2,London,e2 damp and mould risk score,Risk: 46/100 (Moderate) | Solid Wall: 42.8% | Poor EPC: 16.5% | RH: 80.9%,Pending / Discovered,2026-10-10,,,,,
https://checkdamp.co.uk/damp-risk/e20,Outcode pSEO,E20,London,e20 damp and mould risk score,Risk: 26/100 (Low) | Solid Wall: 6.7% | Poor EPC: 4.2% | RH: 80.3%,Pending / Discovered,2026-10-10,,,,,
https://checkdamp.co.uk/damp-risk/e22,Outcode pSEO,E22,London,e22 damp and mould risk score,Risk: 46/100 (Moderate) | Solid Wall: 42.8% | Poor EPC: 16.5% | RH: 80.9%,Pending / Discovered,2026-10-10,,,,,
https://checkdamp.co.uk/damp-risk/e3,Outcode pSEO,E3,London,e3 damp and mould risk score,Risk: 44/100 (Moderate) | Solid Wall: 40.5% | Poor EPC: 14.5% | RH: 80.8%,Pending / Discovered,2026-10-10,,,,,
https://checkdamp.co.uk/damp-risk/e4,Outcode pSEO,E4,London,e4 damp and mould risk score,Risk: 48/100 (Moderate) | Solid Wall: 55% | Poor EPC: 18.8% | RH: 80.9%,Pending / Discovered,2026-10-10,,,,,
https://checkdamp.co.uk/damp-risk/e5,Outcode pSEO,E5,London,e5 damp and mould risk score,Risk: 54/100 (Moderate) | Solid Wall: 59.1% | Poor EPC: 18.9% | RH: 81.1%,Pending / Discovered,2026-10-10,,,,,
https://checkdamp.co.uk/damp-risk/e6,Outcode pSEO,E6,London,e6 damp and mould risk score,Risk: 47/100 (Moderate) | Solid Wall: 51.2% | Poor EPC: 18.1% | RH: 80.9%,Pending / Discovered,2026-10-10,,,,,
https://checkdamp.co.uk/damp-risk/e7,Outcode pSEO,E7,London,e7 damp and mould risk score,Risk: 45/100 (Moderate) | Solid Wall: 44.3% | Poor EPC: 21.1% | RH: 80.9%,Pending / Discovered,2026-10-10,,,,,
https://checkdamp.co.uk/damp-risk/e8,Outcode pSEO,E8,London,e8 damp and mould risk score,Risk: 53/100 (Moderate) | Solid Wall: 58% | Poor EPC: 19.9% | RH: 81.1%,Pending / Discovered,2026-10-10,,,,,
https://checkdamp.co.uk/damp-risk/e9,Outcode pSEO,E9,London,e9 damp and mould risk score,Risk: 52/100 (Moderate) | Solid Wall: 53.9% | Poor EPC: 23.4% | RH: 81.1%,Pending / Discovered,2026-10-10,,,,,
https://checkdamp.co.uk/damp-risk/e98,Outcode pSEO,E98,London,e98 damp and mould risk score,Risk: 45/100 (Moderate) | Solid Wall: 40.5% | Poor EPC: 16% | RH: 80.9%,Pending / Discovered,2026-10-10,,,,,
https://checkdamp.co.uk/damp-risk/ec1a,Outcode pSEO,EC1A,London,ec1a damp and mould risk score,Risk: 41/100 (Moderate) | Solid Wall: 33.6% | Poor EPC: 9.3% | RH: 80.7%,Pending / Discovered,2026-10-10,,,,,
https://checkdamp.co.uk/damp-risk/ec1m,Outcode pSEO,EC1M,London,ec1m damp and mould risk score,Risk: 56/100 (High) | Solid Wall: 60.4% | Poor EPC: 22.4% | RH: 81.2%,Pending / Discovered,2026-10-10,,,,,
https://checkdamp.co.uk/damp-risk/ec1n,Outcode pSEO,EC1N,London,ec1n damp and mould risk score,Risk: 55/100 (High) | Solid Wall: 57.5% | Poor EPC: 23.5% | RH: 81.2%,Pending / Discovered,2026-10-10,,,,,
https://checkdamp.co.uk/damp-risk/ec1p,Outcode pSEO,EC1P,London,ec1p damp and mould risk score,Risk: 55/100 (High) | Solid Wall: 59.9% | Poor EPC: 20.4% | RH: 81.2%,Pending / Discovered,2026-10-10,,,,,
https://checkdamp.co.uk/damp-risk/ec1r,Outcode pSEO,EC1R,London,ec1r damp and mould risk score,Risk: 59/100 (High) | Solid Wall: 63.9% | Poor EPC: 23.9% | RH: 81.3%,Pending / Discovered,2026-10-10,,,,,
https://checkdamp.co.uk/damp-risk/ec1v,Outcode pSEO,EC1V,London,ec1v damp and mould risk score,Risk: 57/100 (High) | Solid Wall: 61.6% | Poor EPC: 22.9% | RH: 81.2%,Pending / Discovered,2026-10-10,,,,,
https://checkdamp.co.uk/damp-risk/ec1y,Outcode pSEO,EC1Y,London,ec1y damp and mould risk score,Risk: 55/100 (High) | Solid Wall: 57% | Poor EPC: 21.4% | RH: 81.2%,Pending / Discovered,2026-10-10,,,,,
https://checkdamp.co.uk/damp-risk/ec2a,Outcode pSEO,EC2A,London,ec2a damp and mould risk score,Risk: 51/100 (Moderate) | Solid Wall: 55.6% | Poor EPC: 19.4% | RH: 81%,Pending / Discovered,2026-10-10,,,,,
https://checkdamp.co.uk/damp-risk/ec2m,Outcode pSEO,EC2M,London,ec2m damp and mould risk score,Risk: 41/100 (Moderate) | Solid Wall: 33.6% | Poor EPC: 10.3% | RH: 80.7%,Pending / Discovered,2026-10-10,,,,,
https://checkdamp.co.uk/damp-risk/ec2n,Outcode pSEO,EC2N,London,ec2n damp and mould risk score,Risk: 42/100 (Moderate) | Solid Wall: 31.9% | Poor EPC: 12.3% | RH: 80.8%,Pending / Discovered,2026-10-10,,,,,
https://checkdamp.co.uk/damp-risk/ec2p,Outcode pSEO,EC2P,London,ec2p damp and mould risk score,Risk: 56/100 (High) | Solid Wall: 61% | Poor EPC: 20.9% | RH: 81.2%,Pending / Discovered,2026-10-10,,,,,
https://checkdamp.co.uk/damp-risk/ec2r,Outcode pSEO,EC2R,London,ec2r damp and mould risk score,Risk: 44/100 (Moderate) | Solid Wall: 34.8% | Poor EPC: 13.8% | RH: 80.8%,Pending / Discovered,2026-10-10,,,,,
https://checkdamp.co.uk/damp-risk/ec2v,Outcode pSEO,EC2V,London,ec2v damp and mould risk score,Risk: 40/100 (Moderate) | Solid Wall: 29.6% | Poor EPC: 11.8% | RH: 80.7%,Pending / Discovered,2026-10-10,,,,,
https://checkdamp.co.uk/damp-risk/ec2y,Outcode pSEO,EC2Y,London,ec2y damp and mould risk score,Risk: 43/100 (Moderate) | Solid Wall: 36% | Poor EPC: 12.8% | RH: 80.8%,Pending / Discovered,2026-10-10,,,,,
https://checkdamp.co.uk/damp-risk/ec3a,Outcode pSEO,EC3A,London,ec3a damp and mould risk score,Risk: 40/100 (Moderate) | Solid Wall: 30.1% | Poor EPC: 12.3% | RH: 80.7%,Pending / Discovered,2026-10-10,,,,,
https://checkdamp.co.uk/damp-risk/ec3m,Outcode pSEO,EC3M,London,ec3m damp and mould risk score,Risk: 43/100 (Moderate) | Solid Wall: 37.1% | Poor EPC: 10.8% | RH: 80.8%,Pending / Discovered,2026-10-10,,,,,
https://checkdamp.co.uk/damp-risk/ec3n,Outcode pSEO,EC3N,London,ec3n damp and mould risk score,Risk: 43/100 (Moderate) | Solid Wall: 35.4% | Poor EPC: 11.3% | RH: 80.8%,Pending / Discovered,2026-10-10,,,,,
https://checkdamp.co.uk/damp-risk/ec3p,Outcode pSEO,EC3P,London,ec3p damp and mould risk score,Risk: 58/100 (High) | Solid Wall: 63.9% | Poor EPC: 20.9% | RH: 81.2%,Pending / Discovered,2026-10-10,,,,,
https://checkdamp.co.uk/damp-risk/ec3r,Outcode pSEO,EC3R,London,ec3r damp and mould risk score,Risk: 43/100 (Moderate) | Solid Wall: 36.5% | Poor EPC: 10.3% | RH: 80.8%,Pending / Discovered,2026-10-10,,,,,
https://checkdamp.co.uk/damp-risk/ec3v,Outcode pSEO,EC3V,London,ec3v damp and mould risk score,Risk: 44/100 (Moderate) | Solid Wall: 37.1% | Poor EPC: 14.3% | RH: 80.8%,Pending / Discovered,2026-10-10,,,,,
https://checkdamp.co.uk/damp-risk/ec4a,Outcode pSEO,EC4A,London,ec4a damp and mould risk score,Risk: 41/100 (Moderate) | Solid Wall: 32.5% | Poor EPC: 10.3% | RH: 80.7%,Pending / Discovered,2026-10-10,,,,,
https://checkdamp.co.uk/damp-risk/ec4m,Outcode pSEO,EC4M,London,ec4m damp and mould risk score,Risk: 43/100 (Moderate) | Solid Wall: 33.1% | Poor EPC: 14.3% | RH: 80.8%,Pending / Discovered,2026-10-10,,,,,
https://checkdamp.co.uk/damp-risk/ec4n,Outcode pSEO,EC4N,London,ec4n damp and mould risk score,Risk: 42/100 (Moderate) | Solid Wall: 33.1% | Poor EPC: 10.3% | RH: 80.8%,Pending / Discovered,2026-10-10,,,,,
https://checkdamp.co.uk/damp-risk/ec4p,Outcode pSEO,EC4P,London,ec4p damp and mould risk score,Risk: 57/100 (High) | Solid Wall: 61.6% | Poor EPC: 22.4% | RH: 81.2%,Pending / Discovered,2026-10-10,,,,,
https://checkdamp.co.uk/damp-risk/ec4r,Outcode pSEO,EC4R,London,ec4r damp and mould risk score,Risk: 41/100 (Moderate) | Solid Wall: 30.7% | Poor EPC: 12.8% | RH: 80.7%,Pending / Discovered,2026-10-10,,,,,
https://checkdamp.co.uk/damp-risk/ec4v,Outcode pSEO,EC4V,London,ec4v damp and mould risk score,Risk: 44/100 (Moderate) | Solid Wall: 36.5% | Poor EPC: 14.3% | RH: 80.8%,Pending / Discovered,2026-10-10,,,,,
https://checkdamp.co.uk/damp-risk/ec4y,Outcode pSEO,EC4Y,London,ec4y damp and mould risk score,Risk: 43/100 (Moderate) | Solid Wall: 32.5% | Poor EPC: 13.8% | RH: 80.8%,Pending / Discovered,2026-10-10,,,,,
https://checkdamp.co.uk/damp-risk/n1,Outcode pSEO,N1,London,n1 damp and mould risk score,Risk: 58/100 (High) | Solid Wall: 62.8% | Poor EPC: 21.9% | RH: 81.2%,Pending / Discovered,2026-10-10,,,,,
https://checkdamp.co.uk/damp-risk/n10,Outcode pSEO,N10,London,n10 damp and mould risk score,Risk: 50/100 (Moderate) | Solid Wall: 56.2% | Poor EPC: 21.1% | RH: 81%,Pending / Discovered,2026-10-10,,,,,
https://checkdamp.co.uk/damp-risk/n11,Outcode pSEO,N11,London,n11 damp and mould risk score,Risk: 34/100 (Low) | Solid Wall: 35% | Poor EPC: 13.5% | RH: 80.5%,Pending / Discovered,2026-10-10,,,,,
https://checkdamp.co.uk/damp-risk/n12,Outcode pSEO,N12,London,n12 damp and mould risk score,Risk: 35/100 (Moderate) | Solid Wall: 36.8% | Poor EPC: 17% | RH: 80.6%,Pending / Discovered,2026-10-10,,,,,
https://checkdamp.co.uk/damp-risk/n13,Outcode pSEO,N13,London,n13 damp and mould risk score,Risk: 31/100 (Low) | Solid Wall: 29.6% | Poor EPC: 13.1% | RH: 80.4%,Pending / Discovered,2026-10-10,,,,,
https://checkdamp.co.uk/damp-risk/n14,Outcode pSEO,N14,London,n14 damp and mould risk score,Risk: 29/100 (Low) | Solid Wall: 27.8% | Poor EPC: 14.1% | RH: 80.4%,Pending / Discovered,2026-10-10,,,,,
https://checkdamp.co.uk/damp-risk/n15,Outcode pSEO,N15,London,n15 damp and mould risk score,Risk: 54/100 (Moderate) | Solid Wall: 60.9% | Poor EPC: 23.1% | RH: 81.1%,Pending / Discovered,2026-10-10,,,,,
https://checkdamp.co.uk/damp-risk/n16,Outcode pSEO,N16,London,n16 damp and mould risk score,Risk: 56/100 (High) | Solid Wall: 62% | Poor EPC: 20.9% | RH: 81.2%,Pending / Discovered,2026-10-10,,,,,
https://checkdamp.co.uk/damp-risk/n17,Outcode pSEO,N17,London,n17 damp and mould risk score,Risk: 53/100 (Moderate) | Solid Wall: 61.4% | Poor EPC: 20.6% | RH: 81.1%,Pending / Discovered,2026-10-10,,,,,
https://checkdamp.co.uk/damp-risk/n18,Outcode pSEO,N18,London,n18 damp and mould risk score,Risk: 34/100 (Low) | Solid Wall: 33.1% | Poor EPC: 16.6% | RH: 80.5%,Pending / Discovered,2026-10-10,,,,,
https://checkdamp.co.uk/damp-risk/n19,Outcode pSEO,N19,London,n19 damp and mould risk score,Risk: 58/100 (High) | Solid Wall: 63.9% | Poor EPC: 24.4% | RH: 81.2%,Pending / Discovered,2026-10-10,,,,,
https://checkdamp.co.uk/damp-risk/n1c,Outcode pSEO,N1C,London,n1c damp and mould risk score,Risk: 54/100 (Moderate) | Solid Wall: 57.5% | Poor EPC: 18.5% | RH: 81.1%,Pending / Discovered,2026-10-10,,,,,
https://checkdamp.co.uk/damp-risk/n1p,Outcode pSEO,N1P,London,n1p damp and mould risk score,Risk: 57/100 (High) | Solid Wall: 59.3% | Poor EPC: 22.9% | RH: 81.2%,Pending / Discovered,2026-10-10,,,,,
https://checkdamp.co.uk/damp-risk/n2,Outcode pSEO,N2,London,n2 damp and mould risk score,Risk: 35/100 (Moderate) | Solid Wall: 35.6% | Poor EPC: 16.5% | RH: 80.6%,Pending / Discovered,2026-10-10,,,,,
https://checkdamp.co.uk/damp-risk/n20,Outcode pSEO,N20,London,n20 damp and mould risk score,Risk: 34/100 (Low) | Solid Wall: 32.7% | Poor EPC: 16.5% | RH: 80.5%,Pending / Discovered,2026-10-10,,,,,
https://checkdamp.co.uk/damp-risk/n21,Outcode pSEO,N21,London,n21 damp and mould risk score,Risk: 34/100 (Low) | Solid Wall: 35.4% | Poor EPC: 16.1% | RH: 80.5%,Pending / Discovered,2026-10-10,,,,,
https://checkdamp.co.uk/damp-risk/n22,Outcode pSEO,N22,London,n22 damp and mould risk score,Risk: 51/100 (Moderate) | Solid Wall: 56.2% | Poor EPC: 20.6% | RH: 81%,Pending / Discovered,2026-10-10,,,,,
https://checkdamp.co.uk/damp-risk/n3,Outcode pSEO,N3,London,n3 damp and mould risk score,Risk: 34/100 (Low) | Solid Wall: 33.9% | Poor EPC: 17% | RH: 80.5%,Pending / Discovered,2026-10-10,,,,,
https://checkdamp.co.uk/damp-risk/n4,Outcode pSEO,N4,London,n4 damp and mould risk score,Risk: 53/100 (Moderate) | Solid Wall: 59.7% | Poor EPC: 22.6% | RH: 81.1%,Pending / Discovered,2026-10-10,,,,,
https://checkdamp.co.uk/damp-risk/n5,Outcode pSEO,N5,London,n5 damp and mould risk score,Risk: 59/100 (High) | Solid Wall: 64.5% | Poor EPC: 21.4% | RH: 81.3%,Pending / Discovered,2026-10-10,,,,,
https://checkdamp.co.uk/damp-risk/n6,Outcode pSEO,N6,London,n6 damp and mould risk score,Risk: 54/100 (Moderate) | Solid Wall: 61.4% | Poor EPC: 21.1% | RH: 81.1%,Pending / Discovered,2026-10-10,,,,,
https://checkdamp.co.uk/damp-risk/n7,Outcode pSEO,N7,London,n7 damp and mould risk score,Risk: 57/100 (High) | Solid Wall: 61% | Poor EPC: 23.4% | RH: 81.2%,Pending / Discovered,2026-10-10,,,,,
https://checkdamp.co.uk/damp-risk/n8,Outcode pSEO,N8,London,n8 damp and mould risk score,Risk: 51/100 (Moderate) | Solid Wall: 55% | Poor EPC: 20.1% | RH: 81%,Pending / Discovered,2026-10-10,,,,,
https://checkdamp.co.uk/damp-risk/n81,Outcode pSEO,N81,London,n81 damp and mould risk score,Risk: 55/100 (High) | Solid Wall: 62.6% | Poor EPC: 20.6% | RH: 81.2%,Pending / Discovered,2026-10-10,,,,,
https://checkdamp.co.uk/damp-risk/n9,Outcode pSEO,N9,London,n9 damp and mould risk score,Risk: 33/100 (Low) | Solid Wall: 30.7% | Poor EPC: 16.6% | RH: 80.5%,Pending / Discovered,2026-10-10,,,,,
https://checkdamp.co.uk/damp-risk/nw1,Outcode pSEO,NW1,London,nw1 damp and mould risk score,Risk: 54/100 (Moderate) | Solid Wall: 55.8% | Poor EPC: 22% | RH: 81.1%,Pending / Discovered,2026-10-10,,,,,
https://checkdamp.co.uk/damp-risk/nw10,Outcode pSEO,NW10,London,nw10 damp and mould risk score,Risk: 42/100 (Moderate) | Solid Wall: 42.7% | Poor EPC: 16.7% | RH: 80.8%,Pending / Discovered,2026-10-10,,,,,
https://checkdamp.co.uk/damp-risk/nw11,Outcode pSEO,NW11,London,nw11 damp and mould risk score,Risk: 34/100 (Low) | Solid Wall: 36.2% | Poor EPC: 14% | RH: 80.5%,Pending / Discovered,2026-10-10,,,,,
https://checkdamp.co.uk/damp-risk/nw1w,Outcode pSEO,NW1W,London,nw1w damp and mould risk score,Risk: 53/100 (Moderate) | Solid Wall: 57% | Poor EPC: 19.5% | RH: 81.1%,Pending / Discovered,2026-10-10,,,,,
https://checkdamp.co.uk/damp-risk/nw2,Outcode pSEO,NW2,London,nw2 damp and mould risk score,Risk: 42/100 (Moderate) | Solid Wall: 42.1% | Poor EPC: 20.7% | RH: 80.8%,Pending / Discovered,2026-10-10,,,,,
https://checkdamp.co.uk/damp-risk/nw26,Outcode pSEO,NW26,London,nw26 damp and mould risk score,Risk: 43/100 (Moderate) | Solid Wall: 43.3% | Poor EPC: 20.7% | RH: 80.8%,Pending / Discovered,2026-10-10,,,,,
https://checkdamp.co.uk/damp-risk/nw3,Outcode pSEO,NW3,London,nw3 damp and mould risk score,Risk: 59/100 (High) | Solid Wall: 65.9% | Poor EPC: 22.5% | RH: 81.3%,Pending / Discovered,2026-10-10,,,,,
https://checkdamp.co.uk/damp-risk/nw4,Outcode pSEO,NW4,London,nw4 damp and mould risk score,Risk: 34/100 (Low) | Solid Wall: 33.9% | Poor EPC: 16.5% | RH: 80.5%,Pending / Discovered,2026-10-10,,,,,
https://checkdamp.co.uk/damp-risk/nw5,Outcode pSEO,NW5,London,nw5 damp and mould risk score,Risk: 55/100 (High) | Solid Wall: 59.3% | Poor EPC: 19% | RH: 81.2%,Pending / Discovered,2026-10-10,,,,,
https://checkdamp.co.uk/damp-risk/nw6,Outcode pSEO,NW6,London,nw6 damp and mould risk score,Risk: 58/100 (High) | Solid Wall: 61.6% | Poor EPC: 23.5% | RH: 81.2%,Pending / Discovered,2026-10-10,,,,,
https://checkdamp.co.uk/damp-risk/nw7,Outcode pSEO,NW7,London,nw7 damp and mould risk score,Risk: 34/100 (Low) | Solid Wall: 35% | Poor EPC: 13% | RH: 80.5%,Pending / Discovered,2026-10-10,,,,,
https://checkdamp.co.uk/damp-risk/nw8,Outcode pSEO,NW8,London,nw8 damp and mould risk score,Risk: 57/100 (High) | Solid Wall: 58.3% | Poor EPC: 21.5% | RH: 81.2%,Pending / Discovered,2026-10-10,,,,,
https://checkdamp.co.uk/damp-risk/nw9,Outcode pSEO,NW9,London,nw9 damp and mould risk score,Risk: 37/100 (Moderate) | Solid Wall: 38.5% | Poor EPC: 15% | RH: 80.6%,Pending / Discovered,2026-10-10,,,,,
https://checkdamp.co.uk/damp-risk/se1,Outcode pSEO,SE1,London,se1 damp and mould risk score,Risk: 51/100 (Moderate) | Solid Wall: 53.9% | Poor EPC: 19.1% | RH: 81%,Pending / Discovered,2026-10-10,,,,,
https://checkdamp.co.uk/damp-risk/se10,Outcode pSEO,SE10,London,se10 damp and mould risk score,Risk: 37/100 (Moderate) | Solid Wall: 34.7% | Poor EPC: 10.8% | RH: 80.6%,Pending / Discovered,2026-10-10,,,,,
https://checkdamp.co.uk/damp-risk/se11,Outcode pSEO,SE11,London,se11 damp and mould risk score,Risk: 52/100 (Moderate) | Solid Wall: 58.1% | Poor EPC: 21.2% | RH: 81.1%,Pending / Discovered,2026-10-10,,,,,
https://checkdamp.co.uk/damp-risk/se12,Outcode pSEO,SE12,London,se12 damp and mould risk score,Risk: 48/100 (Moderate) | Solid Wall: 49.9% | Poor EPC: 23.3% | RH: 80.9%,Pending / Discovered,2026-10-10,,,,,
https://checkdamp.co.uk/damp-risk/se13,Outcode pSEO,SE13,London,se13 damp and mould risk score,Risk: 51/100 (Moderate) | Solid Wall: 55.7% | Poor EPC: 23.3% | RH: 81%,Pending / Discovered,2026-10-10,,,,,
https://checkdamp.co.uk/damp-risk/se14,Outcode pSEO,SE14,London,se14 damp and mould risk score,Risk: 48/100 (Moderate) | Solid Wall: 50.5% | Poor EPC: 23.3% | RH: 80.9%,Pending / Discovered,2026-10-10,,,,,
https://checkdamp.co.uk/damp-risk/se15,Outcode pSEO,SE15,London,se15 damp and mould risk score,Risk: 49/100 (Moderate) | Solid Wall: 50.4% | Poor EPC: 21.1% | RH: 81%,Pending / Discovered,2026-10-10,,,,,
https://checkdamp.co.uk/damp-risk/se16,Outcode pSEO,SE16,London,se16 damp and mould risk score,Risk: 50/100 (Moderate) | Solid Wall: 52.7% | Poor EPC: 20.1% | RH: 81%,Pending / Discovered,2026-10-10,,,,,
https://checkdamp.co.uk/damp-risk/se17,Outcode pSEO,SE17,London,se17 damp and mould risk score,Risk: 48/100 (Moderate) | Solid Wall: 48.1% | Poor EPC: 18.1% | RH: 80.9%,Pending / Discovered,2026-10-10,,,,,
https://checkdamp.co.uk/damp-risk/se18,Outcode pSEO,SE18,London,se18 damp and mould risk score,Risk: 40/100 (Moderate) | Solid Wall: 39.4% | Poor EPC: 18% | RH: 80.7%,Pending / Discovered,2026-10-10,,,,,
https://checkdamp.co.uk/damp-risk/se19,Outcode pSEO,SE19,London,se19 damp and mould risk score,Risk: 34/100 (Low) | Solid Wall: 37% | Poor EPC: 13.7% | RH: 80.5%,Pending / Discovered,2026-10-10,,,,,
https://checkdamp.co.uk/damp-risk/se1p,Outcode pSEO,SE1P,London,se1p damp and mould risk score,Risk: 49/100 (Moderate) | Solid Wall: 51.6% | Poor EPC: 19.6% | RH: 81%,Pending / Discovered,2026-10-10,,,,,
https://checkdamp.co.uk/damp-risk/se2,Outcode pSEO,SE2,London,se2 damp and mould risk score,Risk: 42/100 (Moderate) | Solid Wall: 42.3% | Poor EPC: 19% | RH: 80.8%,Pending / Discovered,2026-10-10,,,,,
https://checkdamp.co.uk/damp-risk/se20,Outcode pSEO,SE20,London,se20 damp and mould risk score,Risk: 29/100 (Low) | Solid Wall: 31.6% | Poor EPC: 12.3% | RH: 80.4%,Pending / Discovered,2026-10-10,,,,,
https://checkdamp.co.uk/damp-risk/se21,Outcode pSEO,SE21,London,se21 damp and mould risk score,Risk: 50/100 (Moderate) | Solid Wall: 53.3% | Poor EPC: 20.6% | RH: 81%,Pending / Discovered,2026-10-10,,,,,
https://checkdamp.co.uk/damp-risk/se22,Outcode pSEO,SE22,London,se22 damp and mould risk score,Risk: 49/100 (Moderate) | Solid Wall: 51% | Poor EPC: 17.6% | RH: 81%,Pending / Discovered,2026-10-10,,,,,
https://checkdamp.co.uk/damp-risk/se23,Outcode pSEO,SE23,London,se23 damp and mould risk score,Risk: 49/100 (Moderate) | Solid Wall: 55.1% | Poor EPC: 19.3% | RH: 81%,Pending / Discovered,2026-10-10,,,,,
https://checkdamp.co.uk/damp-risk/se24,Outcode pSEO,SE24,London,se24 damp and mould risk score,Risk: 52/100 (Moderate) | Solid Wall: 58.1% | Poor EPC: 19.7% | RH: 81.1%,Pending / Discovered,2026-10-10,,,,,
https://checkdamp.co.uk/damp-risk/se25,Outcode pSEO,SE25,London,se25 damp and mould risk score,Risk: 35/100 (Moderate) | Solid Wall: 38.8% | Poor EPC: 13.7% | RH: 80.6%,Pending / Discovered,2026-10-10,,,,,
https://checkdamp.co.uk/damp-risk/se26,Outcode pSEO,SE26,London,se26 damp and mould risk score,Risk: 47/100 (Moderate) | Solid Wall: 51.1% | Poor EPC: 19.3% | RH: 80.9%,Pending / Discovered,2026-10-10,,,,,
https://checkdamp.co.uk/damp-risk/se27,Outcode pSEO,SE27,London,se27 damp and mould risk score,Risk: 49/100 (Moderate) | Solid Wall: 50.6% | Poor EPC: 22.7% | RH: 81%,Pending / Discovered,2026-10-10,,,,,
https://checkdamp.co.uk/damp-risk/se28,Outcode pSEO,SE28,London,se28 damp and mould risk score,Risk: 42/100 (Moderate) | Solid Wall: 44.6% | Poor EPC: 14.5% | RH: 80.8%,Pending / Discovered,2026-10-10,,,,,
https://checkdamp.co.uk/damp-risk/se3,Outcode pSEO,SE3,London,se3 damp and mould risk score,Risk: 40/100 (Moderate) | Solid Wall: 38.2% | Poor EPC: 15.5% | RH: 80.7%,Pending / Discovered,2026-10-10,,,,,
https://checkdamp.co.uk/damp-risk/se4,Outcode pSEO,SE4,London,se4 damp and mould risk score,Risk: 48/100 (Moderate) | Solid Wall: 52.2% | Poor EPC: 19.8% | RH: 80.9%,Pending / Discovered,2026-10-10,,,,,
https://checkdamp.co.uk/damp-risk/se5,Outcode pSEO,SE5,London,se5 damp and mould risk score,Risk: 47/100 (Moderate) | Solid Wall: 46.9% | Poor EPC: 17.6% | RH: 80.9%,Pending / Discovered,2026-10-10,,,,,
https://checkdamp.co.uk/damp-risk/se6,Outcode pSEO,SE6,London,se6 damp and mould risk score,Risk: 50/100 (Moderate) | Solid Wall: 54.6% | Poor EPC: 22.3% | RH: 81%,Pending / Discovered,2026-10-10,,,,,
https://checkdamp.co.uk/damp-risk/se7,Outcode pSEO,SE7,London,se7 damp and mould risk score,Risk: 38/100 (Moderate) | Solid Wall: 38.8% | Poor EPC: 15% | RH: 80.6%,Pending / Discovered,2026-10-10,,,,,
https://checkdamp.co.uk/damp-risk/se8,Outcode pSEO,SE8,London,se8 damp and mould risk score,Risk: 49/100 (Moderate) | Solid Wall: 51.1% | Poor EPC: 21.8% | RH: 81%,Pending / Discovered,2026-10-10,,,,,
https://checkdamp.co.uk/damp-risk/se9,Outcode pSEO,SE9,London,se9 damp and mould risk score,Risk: 44/100 (Moderate) | Solid Wall: 45.2% | Poor EPC: 19% | RH: 80.8%,Pending / Discovered,2026-10-10,,,,,
https://checkdamp.co.uk/damp-risk/sw10,Outcode pSEO,SW10,London,sw10 damp and mould risk score,Risk: 62/100 (High) | Solid Wall: 68.9% | Poor EPC: 25.6% | RH: 81.4%,Pending / Discovered,2026-10-10,,,,,
https://checkdamp.co.uk/damp-risk/sw11,Outcode pSEO,SW11,London,sw11 damp and mould risk score,Risk: 49/100 (Moderate) | Solid Wall: 52.2% | Poor EPC: 19.7% | RH: 81%,Pending / Discovered,2026-10-10,,,,,
https://checkdamp.co.uk/damp-risk/sw12,Outcode pSEO,SW12,London,sw12 damp and mould risk score,Risk: 50/100 (Moderate) | Solid Wall: 56.3% | Poor EPC: 17.2% | RH: 81%,Pending / Discovered,2026-10-10,,,,,
https://checkdamp.co.uk/damp-risk/sw13,Outcode pSEO,SW13,London,sw13 damp and mould risk score,Risk: 47/100 (Moderate) | Solid Wall: 54.6% | Poor EPC: 19.3% | RH: 80.9%,Pending / Discovered,2026-10-10,,,,,
https://checkdamp.co.uk/damp-risk/sw14,Outcode pSEO,SW14,London,sw14 damp and mould risk score,Risk: 47/100 (Moderate) | Solid Wall: 54.1% | Poor EPC: 19.8% | RH: 80.9%,Pending / Discovered,2026-10-10,,,,,
https://checkdamp.co.uk/damp-risk/sw15,Outcode pSEO,SW15,London,sw15 damp and mould risk score,Risk: 48/100 (Moderate) | Solid Wall: 52.2% | Poor EPC: 16.7% | RH: 80.9%,Pending / Discovered,2026-10-10,,,,,
https://checkdamp.co.uk/damp-risk/sw16,Outcode pSEO,SW16,London,sw16 damp and mould risk score,Risk: 49/100 (Moderate) | Solid Wall: 52.3% | Poor EPC: 18.2% | RH: 81%,Pending / Discovered,2026-10-10,,,,,
https://checkdamp.co.uk/damp-risk/sw17,Outcode pSEO,SW17,London,sw17 damp and mould risk score,Risk: 48/100 (Moderate) | Solid Wall: 52.8% | Poor EPC: 17.2% | RH: 80.9%,Pending / Discovered,2026-10-10,,,,,
https://checkdamp.co.uk/damp-risk/sw18,Outcode pSEO,SW18,London,sw18 damp and mould risk score,Risk: 51/100 (Moderate) | Solid Wall: 56.9% | Poor EPC: 19.7% | RH: 81%,Pending / Discovered,2026-10-10,,,,,
https://checkdamp.co.uk/damp-risk/sw19,Outcode pSEO,SW19,London,sw19 damp and mould risk score,Risk: 43/100 (Moderate) | Solid Wall: 48.5% | Poor EPC: 14.2% | RH: 80.8%,Pending / Discovered,2026-10-10,,,,,
https://checkdamp.co.uk/damp-risk/sw1a,Outcode pSEO,SW1A,London,sw1a damp and mould risk score,Risk: 60/100 (High) | Solid Wall: 64.1% | Poor EPC: 23% | RH: 81.3%,Pending / Discovered,2026-10-10,,,,,
https://checkdamp.co.uk/damp-risk/sw1e,Outcode pSEO,SW1E,London,sw1e damp and mould risk score,Risk: 58/100 (High) | Solid Wall: 64.1% | Poor EPC: 19.5% | RH: 81.2%,Pending / Discovered,2026-10-10,,,,,
https://checkdamp.co.uk/damp-risk/sw1h,Outcode pSEO,SW1H,London,sw1h damp and mould risk score,Risk: 59/100 (High) | Solid Wall: 62.9% | Poor EPC: 23% | RH: 81.3%,Pending / Discovered,2026-10-10,,,,,
https://checkdamp.co.uk/damp-risk/sw1p,Outcode pSEO,SW1P,London,sw1p damp and mould risk score,Risk: 57/100 (High) | Solid Wall: 59.4% | Poor EPC: 23.5% | RH: 81.2%,Pending / Discovered,2026-10-10,,,,,
https://checkdamp.co.uk/damp-risk/sw1v,Outcode pSEO,SW1V,London,sw1v damp and mould risk score,Risk: 57/100 (High) | Solid Wall: 57.7% | Poor EPC: 23.5% | RH: 81.2%,Pending / Discovered,2026-10-10,,,,,
https://checkdamp.co.uk/damp-risk/sw1w,Outcode pSEO,SW1W,London,sw1w damp and mould risk score,Risk: 58/100 (High) | Solid Wall: 63.5% | Poor EPC: 19.5% | RH: 81.2%,Pending / Discovered,2026-10-10,,,,,
https://checkdamp.co.uk/damp-risk/sw1x,Outcode pSEO,SW1X,London,sw1x damp and mould risk score,Risk: 65/100 (High) | Solid Wall: 72.9% | Poor EPC: 24.5% | RH: 81.5%,Pending / Discovered,2026-10-10,,,,,
https://checkdamp.co.uk/damp-risk/sw1y,Outcode pSEO,SW1Y,London,sw1y damp and mould risk score,Risk: 57/100 (High) | Solid Wall: 59.4% | Poor EPC: 22% | RH: 81.2%,Pending / Discovered,2026-10-10,,,,,
https://checkdamp.co.uk/damp-risk/sw2,Outcode pSEO,SW2,London,sw2 damp and mould risk score,Risk: 50/100 (Moderate) | Solid Wall: 55.2% | Poor EPC: 19.2% | RH: 81%,Pending / Discovered,2026-10-10,,,,,
https://checkdamp.co.uk/damp-risk/sw20,Outcode pSEO,SW20,London,sw20 damp and mould risk score,Risk: 39/100 (Moderate) | Solid Wall: 42.7% | Poor EPC: 14.2% | RH: 80.7%,Pending / Discovered,2026-10-10,,,,,
https://checkdamp.co.uk/damp-risk/sw3,Outcode pSEO,SW3,London,sw3 damp and mould risk score,Risk: 60/100 (High) | Solid Wall: 65.2% | Poor EPC: 23.5% | RH: 81.3%,Pending / Discovered,2026-10-10,,,,,
https://checkdamp.co.uk/damp-risk/sw4,Outcode pSEO,SW4,London,sw4 damp and mould risk score,Risk: 48/100 (Moderate) | Solid Wall: 50.6% | Poor EPC: 18.2% | RH: 80.9%,Pending / Discovered,2026-10-10,,,,,
https://checkdamp.co.uk/damp-risk/sw5,Outcode pSEO,SW5,London,sw5 damp and mould risk score,Risk: 61/100 (High) | Solid Wall: 66% | Poor EPC: 23.6% | RH: 81.3%,Pending / Discovered,2026-10-10,,,,,
https://checkdamp.co.uk/damp-risk/sw6,Outcode pSEO,SW6,London,sw6 damp and mould risk score,Risk: 57/100 (High) | Solid Wall: 61.9% | Poor EPC: 23.8% | RH: 81.2%,Pending / Discovered,2026-10-10,,,,,
https://checkdamp.co.uk/damp-risk/sw7,Outcode pSEO,SW7,London,sw7 damp and mould risk score,Risk: 63/100 (High) | Solid Wall: 68.7% | Poor EPC: 25.3% | RH: 81.4%,Pending / Discovered,2026-10-10,,,,,
https://checkdamp.co.uk/damp-risk/sw8,Outcode pSEO,SW8,London,sw8 damp and mould risk score,Risk: 42/100 (Moderate) | Solid Wall: 35.5% | Poor EPC: 14.7% | RH: 80.8%,Pending / Discovered,2026-10-10,,,,,
https://checkdamp.co.uk/damp-risk/sw9,Outcode pSEO,SW9,London,sw9 damp and mould risk score,Risk: 50/100 (Moderate) | Solid Wall: 52.9% | Poor EPC: 20.2% | RH: 81%,Pending / Discovered,2026-10-10,,,,,
https://checkdamp.co.uk/damp-risk/sw95,Outcode pSEO,SW95,London,sw95 damp and mould risk score,Risk: 50/100 (Moderate) | Solid Wall: 53.4% | Poor EPC: 20.7% | RH: 81%,Pending / Discovered,2026-10-10,,,,,
https://checkdamp.co.uk/damp-risk/w10,Outcode pSEO,W10,London,w10 damp and mould risk score,Risk: 58/100 (High) | Solid Wall: 66% | Poor EPC: 21.1% | RH: 81.2%,Pending / Discovered,2026-10-10,,,,,
https://checkdamp.co.uk/damp-risk/w11,Outcode pSEO,W11,London,w11 damp and mould risk score,Risk: 59/100 (High) | Solid Wall: 65.4% | Poor EPC: 24.1% | RH: 81.3%,Pending / Discovered,2026-10-10,,,,,
https://checkdamp.co.uk/damp-risk/w12,Outcode pSEO,W12,London,w12 damp and mould risk score,Risk: 57/100 (High) | Solid Wall: 64.8% | Poor EPC: 22.3% | RH: 81.2%,Pending / Discovered,2026-10-10,,,,,
https://checkdamp.co.uk/damp-risk/w13,Outcode pSEO,W13,London,w13 damp and mould risk score,Risk: 39/100 (Moderate) | Solid Wall: 42.4% | Poor EPC: 16.4% | RH: 80.7%,Pending / Discovered,2026-10-10,,,,,
https://checkdamp.co.uk/damp-risk/w14,Outcode pSEO,W14,London,w14 damp and mould risk score,Risk: 58/100 (High) | Solid Wall: 64.8% | Poor EPC: 22.3% | RH: 81.2%,Pending / Discovered,2026-10-10,,,,,
https://checkdamp.co.uk/damp-risk/w1a,Outcode pSEO,W1A,London,w1a damp and mould risk score,Risk: 58/100 (High) | Solid Wall: 62.8% | Poor EPC: 24.4% | RH: 81.2%,Pending / Discovered,2026-10-10,,,,,
https://checkdamp.co.uk/damp-risk/w1b,Outcode pSEO,W1B,London,w1b damp and mould risk score,Risk: 66/100 (High) | Solid Wall: 72.1% | Poor EPC: 26.5% | RH: 81.5%,Pending / Discovered,2026-10-10,,,,,
https://checkdamp.co.uk/damp-risk/w1c,Outcode pSEO,W1C,London,w1c damp and mould risk score,Risk: 61/100 (High) | Solid Wall: 65.8% | Poor EPC: 23% | RH: 81.3%,Pending / Discovered,2026-10-10,,,,,
https://checkdamp.co.uk/damp-risk/w1d,Outcode pSEO,W1D,London,w1d damp and mould risk score,Risk: 65/100 (High) | Solid Wall: 71.3% | Poor EPC: 27.5% | RH: 81.5%,Pending / Discovered,2026-10-10,,,,,
https://checkdamp.co.uk/damp-risk/w1f,Outcode pSEO,W1F,London,w1f damp and mould risk score,Risk: 61/100 (High) | Solid Wall: 64.7% | Poor EPC: 24.5% | RH: 81.3%,Pending / Discovered,2026-10-10,,,,,
https://checkdamp.co.uk/damp-risk/w1g,Outcode pSEO,W1G,London,w1g damp and mould risk score,Risk: 58/100 (High) | Solid Wall: 65.3% | Poor EPC: 19.5% | RH: 81.2%,Pending / Discovered,2026-10-10,,,,,
https://checkdamp.co.uk/damp-risk/w1h,Outcode pSEO,W1H,London,w1h damp and mould risk score,Risk: 59/100 (High) | Solid Wall: 62.9% | Poor EPC: 23.5% | RH: 81.3%,Pending / Discovered,2026-10-10,,,,,
https://checkdamp.co.uk/damp-risk/w1j,Outcode pSEO,W1J,London,w1j damp and mould risk score,Risk: 58/100 (High) | Solid Wall: 60% | Poor EPC: 24% | RH: 81.2%,Pending / Discovered,2026-10-10,,,,,
https://checkdamp.co.uk/damp-risk/w1k,Outcode pSEO,W1K,London,w1k damp and mould risk score,Risk: 62/100 (High) | Solid Wall: 71.4% | Poor EPC: 20.9% | RH: 81.4%,Pending / Discovered,2026-10-10,,,,,
https://checkdamp.co.uk/damp-risk/w1s,Outcode pSEO,W1S,London,w1s damp and mould risk score,Risk: 59/100 (High) | Solid Wall: 65.3% | Poor EPC: 21.5% | RH: 81.3%,Pending / Discovered,2026-10-10,,,,,
https://checkdamp.co.uk/damp-risk/w1t,Outcode pSEO,W1T,London,w1t damp and mould risk score,Risk: 57/100 (High) | Solid Wall: 62.8% | Poor EPC: 23.5% | RH: 81.2%,Pending / Discovered,2026-10-10,,,,,
https://checkdamp.co.uk/damp-risk/w1u,Outcode pSEO,W1U,London,w1u damp and mould risk score,Risk: 59/100 (High) | Solid Wall: 61.2% | Poor EPC: 24% | RH: 81.3%,Pending / Discovered,2026-10-10,,,,,
https://checkdamp.co.uk/damp-risk/w1w,Outcode pSEO,W1W,London,w1w damp and mould risk score,Risk: 57/100 (High) | Solid Wall: 58.3% | Poor EPC: 21.5% | RH: 81.2%,Pending / Discovered,2026-10-10,,,,,
https://checkdamp.co.uk/damp-risk/w2,Outcode pSEO,W2,London,w2 damp and mould risk score,Risk: 57/100 (High) | Solid Wall: 57.7% | Poor EPC: 23.5% | RH: 81.2%,Pending / Discovered,2026-10-10,,,,,
https://checkdamp.co.uk/damp-risk/w3,Outcode pSEO,W3,London,w3 damp and mould risk score,Risk: 40/100 (Moderate) | Solid Wall: 42.9% | Poor EPC: 15.9% | RH: 80.7%,Pending / Discovered,2026-10-10,,,,,
https://checkdamp.co.uk/damp-risk/w4,Outcode pSEO,W4,London,w4 damp and mould risk score,Risk: 35/100 (Moderate) | Solid Wall: 36.5% | Poor EPC: 15.3% | RH: 80.6%,Pending / Discovered,2026-10-10,,,,,
https://checkdamp.co.uk/damp-risk/w5,Outcode pSEO,W5,London,w5 damp and mould risk score,Risk: 40/100 (Moderate) | Solid Wall: 41.2% | Poor EPC: 18.4% | RH: 80.7%,Pending / Discovered,2026-10-10,,,,,
https://checkdamp.co.uk/damp-risk/w6,Outcode pSEO,W6,London,w6 damp and mould risk score,Risk: 55/100 (High) | Solid Wall: 58.4% | Poor EPC: 21.8% | RH: 81.2%,Pending / Discovered,2026-10-10,,,,,
https://checkdamp.co.uk/damp-risk/w7,Outcode pSEO,W7,London,w7 damp and mould risk score,Risk: 38/100 (Moderate) | Solid Wall: 38.3% | Poor EPC: 18.4% | RH: 80.6%,Pending / Discovered,2026-10-10,,,,,
https://checkdamp.co.uk/damp-risk/w8,Outcode pSEO,W8,London,w8 damp and mould risk score,Risk: 62/100 (High) | Solid Wall: 68.9% | Poor EPC: 26.1% | RH: 81.4%,Pending / Discovered,2026-10-10,,,,,
https://checkdamp.co.uk/damp-risk/w9,Outcode pSEO,W9,London,w9 damp and mould risk score,Risk: 60/100 (High) | Solid Wall: 64.7% | Poor EPC: 23% | RH: 81.3%,Pending / Discovered,2026-10-10,,,,,
https://checkdamp.co.uk/damp-risk/wc1a,Outcode pSEO,WC1A,London,wc1a damp and mould risk score,Risk: 54/100 (Moderate) | Solid Wall: 58.7% | Poor EPC: 20% | RH: 81.1%,Pending / Discovered,2026-10-10,,,,,
https://checkdamp.co.uk/damp-risk/wc1b,Outcode pSEO,WC1B,London,wc1b damp and mould risk score,Risk: 56/100 (High) | Solid Wall: 62.2% | Poor EPC: 20% | RH: 81.2%,Pending / Discovered,2026-10-10,,,,,
https://checkdamp.co.uk/damp-risk/wc1e,Outcode pSEO,WC1E,London,wc1e damp and mould risk score,Risk: 55/100 (High) | Solid Wall: 58.7% | Poor EPC: 23% | RH: 81.2%,Pending / Discovered,2026-10-10,,,,,
https://checkdamp.co.uk/damp-risk/wc1h,Outcode pSEO,WC1H,London,wc1h damp and mould risk score,Risk: 55/100 (High) | Solid Wall: 62.8% | Poor EPC: 18.5% | RH: 81.2%,Pending / Discovered,2026-10-10,,,,,
https://checkdamp.co.uk/damp-risk/wc1n,Outcode pSEO,WC1N,London,wc1n damp and mould risk score,Risk: 57/100 (High) | Solid Wall: 61.6% | Poor EPC: 23.5% | RH: 81.2%,Pending / Discovered,2026-10-10,,,,,
https://checkdamp.co.uk/damp-risk/wc1r,Outcode pSEO,WC1R,London,wc1r damp and mould risk score,Risk: 54/100 (Moderate) | Solid Wall: 59.3% | Poor EPC: 21% | RH: 81.1%,Pending / Discovered,2026-10-10,,,,,
https://checkdamp.co.uk/damp-risk/wc1v,Outcode pSEO,WC1V,London,wc1v damp and mould risk score,Risk: 54/100 (Moderate) | Solid Wall: 55.2% | Poor EPC: 21% | RH: 81.1%,Pending / Discovered,2026-10-10,,,,,
https://checkdamp.co.uk/damp-risk/wc1x,Outcode pSEO,WC1X,London,wc1x damp and mould risk score,Risk: 56/100 (High) | Solid Wall: 59.3% | Poor EPC: 21% | RH: 81.2%,Pending / Discovered,2026-10-10,,,,,
https://checkdamp.co.uk/damp-risk/wc2a,Outcode pSEO,WC2A,London,wc2a damp and mould risk score,Risk: 54/100 (Moderate) | Solid Wall: 56.4% | Poor EPC: 21% | RH: 81.1%,Pending / Discovered,2026-10-10,,,,,
https://checkdamp.co.uk/damp-risk/wc2b,Outcode pSEO,WC2B,London,wc2b damp and mould risk score,Risk: 53/100 (Moderate) | Solid Wall: 55.8% | Poor EPC: 21.5% | RH: 81.1%,Pending / Discovered,2026-10-10,,,,,
https://checkdamp.co.uk/damp-risk/wc2e,Outcode pSEO,WC2E,London,wc2e damp and mould risk score,Risk: 57/100 (High) | Solid Wall: 60% | Poor EPC: 21.5% | RH: 81.2%,Pending / Discovered,2026-10-10,,,,,
https://checkdamp.co.uk/damp-risk/wc2h,Outcode pSEO,WC2H,London,wc2h damp and mould risk score,Risk: 57/100 (High) | Solid Wall: 63.3% | Poor EPC: 20.5% | RH: 81.2%,Pending / Discovered,2026-10-10,,,,,
https://checkdamp.co.uk/damp-risk/wc2n,Outcode pSEO,WC2N,London,wc2n damp and mould risk score,Risk: 58/100 (High) | Solid Wall: 63.5% | Poor EPC: 21% | RH: 81.2%,Pending / Discovered,2026-10-10,,,,,
https://checkdamp.co.uk/damp-risk/wc2r,Outcode pSEO,WC2R,London,wc2r damp and mould risk score,Risk: 61/100 (High) | Solid Wall: 65.8% | Poor EPC: 24.5% | RH: 81.3%,Pending / Discovered,2026-10-10,,,,,
https://checkdamp.co.uk/guides/condensation-vs-rising-damp-how-to-tell-difference,Guide Article,condensation-vs-rising-damp-how-to-tell-difference,UK National,condensation vs rising damp,Category: Damp Diagnostics | Reading Time: 8 min read | Risk: High Risk of Costly Misdiagnosis,Indexed,2026-10-10,2026-10-10,,,,
https://checkdamp.co.uk/guides/awaabs-law-landlord-damp-mould-obligations-timeline,Guide Article,awaabs-law-landlord-damp-mould-obligations-timeline,UK National,awaabs law damp timeline landlord,Category: Legal & Regulations | Reading Time: 7 min read | Risk: Strict Legal Compliance Mandated,Pending / Discovered,2026-10-10,,,,,
https://checkdamp.co.uk/guides/dehumidifier-capacity-victorian-terraces,Guide Article,dehumidifier-capacity-victorian-terraces,UK National,dehumidifier capacity victorian terrace,Category: Mitigation & Technology | Reading Time: 6 min read | Risk: High Vapor Accumulation Zone,Pending / Discovered,2026-10-10,,,,,
https://checkdamp.co.uk/guides/pre-purchase-damp-survey-mortgage-retention-guide,Guide Article,pre-purchase-damp-survey-mortgage-retention-guide,UK National,pre purchase damp survey mortgage retention,Category: Surveys & Property | Reading Time: 7 min read | Risk: Mortgage Lending Retention Risk,Pending / Discovered,2026-10-10,,,,,
https://checkdamp.co.uk/guides/penetrating-damp-causes-symptoms-brickwork-defects,Guide Article,penetrating-damp-causes-symptoms-brickwork-defects,UK National,penetrating damp symptoms,Category: Damp Diagnostics | Reading Time: 7 min read | Risk: Structural Envelope & Cavity Ingress Risk,Pending / Discovered,2026-10-10,,,,,
https://checkdamp.co.uk/guides/black-mould-health-risks-asthma-removal-guide-uk,Guide Article,black-mould-health-risks-asthma-removal-guide-uk,UK National,toxic black mould symptoms,Category: Damp Diagnostics | Reading Time: 8 min read | Risk: Category 1 Public Health Respiratory Hazard,Pending / Discovered,2026-10-10,,,,,
https://checkdamp.co.uk/guides/hygroscopic-salts-efflorescence-plaster-treatment,Guide Article,hygroscopic-salts-efflorescence-plaster-treatment,UK National,efflorescence on internal walls,Category: Damp Diagnostics | Reading Time: 7 min read | Risk: Persistent Plaster Contamination & False Moisture Readings,Pending / Discovered,2026-10-10,,,,,
https://checkdamp.co.uk/guides/section-11-landlord-repairing-obligations-damp-compensation,Guide Article,section-11-landlord-repairing-obligations-damp-compensation,UK National,section 11 landlord and tenant act 1985 damp,Category: Legal & Regulations | Reading Time: 8 min read | Risk: Severe Landlord Civil Liability & Disrepair Claims,Pending / Discovered,2026-10-10,,,,,
https://checkdamp.co.uk/guides/hhsrs-housing-health-safety-hazard-category-1-damp,Guide Article,hhsrs-housing-health-safety-hazard-category-1-damp,UK National,hhsrs category 1 hazard damp mould,Category: Legal & Regulations | Reading Time: 7 min read | Risk: Statutory Category 1 Health Hazard Requiring Mandatory Council Action,Pending / Discovered,2026-10-10,,,,,
https://checkdamp.co.uk/guides/desiccant-vs-compressor-dehumidifiers-unheated-uk-homes,Guide Article,desiccant-vs-compressor-dehumidifiers-unheated-uk-homes,UK National,desiccant vs compressor dehumidifier uk,Category: Mitigation & Technology | Reading Time: 8 min read | Risk: Moisture Extraction Inefficiency at Low Temperatures,Pending / Discovered,2026-10-10,,,,,
https://checkdamp.co.uk/guides/positive-input-ventilation-piv-unit-cost-review-uk,Guide Article,positive-input-ventilation-piv-unit-cost-review-uk,UK National,piv unit running cost uk,Category: Mitigation & Technology | Reading Time: 8 min read | Risk: Whole-House Condensation & Stagnant Air Vulnerability,Pending / Discovered,2026-10-10,,,,,
https://checkdamp.co.uk/guides/chemical-dpc-injection-myths-vs-reality,Guide Article,chemical-dpc-injection-myths-vs-reality,UK National,chemical dpc injection reviews,Category: Mitigation & Technology | Reading Time: 8 min read | Risk: High Financial Waste from Ineffective Chemical Treatments,Pending / Discovered,2026-10-10,,,,,
https://checkdamp.co.uk/guides/damp-survey-cost-uk-rics-vs-pca-specialist,Guide Article,damp-survey-cost-uk-rics-vs-pca-specialist,UK National,damp survey cost uk,Category: Surveys & Property | Reading Time: 7 min read | Risk: Overpaying for Biased Contractor Quotes,Pending / Discovered,2026-10-10,,,,,
https://checkdamp.co.uk/guides/timber-and-damp-survey-mortgage-lender-requirements,Guide Article,timber-and-damp-survey-mortgage-lender-requirements,UK National,timber and damp survey mortgage lender,Category: Surveys & Property | Reading Time: 8 min read | Risk: Mortgage Underwriting Rejection or Retention Notice,Pending / Discovered,2026-10-10,,,,,
https://checkdamp.co.uk/compare/b21-vs-b1,Comparison Pair,b21-vs-b1,Birmingham,b21 vs b1 damp risk comparison,Head-to-head damp risk comparison: B21 vs B1,Pending / Discovered,2026-10-10,,,,,
https://checkdamp.co.uk/compare/b11-vs-m1,Comparison Pair,b11-vs-m1,Birmingham vs Manchester,b11 vs m1 damp risk comparison,Head-to-head damp risk comparison: B11 vs M1,Pending / Discovered,2026-10-10,,,,,
https://checkdamp.co.uk/compare/m14-vs-m15,Comparison Pair,m14-vs-m15,Manchester,m14 vs m15 damp risk comparison,Head-to-head damp risk comparison: M14 vs M15,Pending / Discovered,2026-10-10,,,,,
https://checkdamp.co.uk/compare/b10-vs-m14,Comparison Pair,b10-vs-m14,Birmingham vs Manchester,b10 vs m14 damp risk comparison,Head-to-head damp risk comparison: B10 vs M14,Pending / Discovered,2026-10-10,,,,,
https://checkdamp.co.uk/compare/b1-vs-m1,Comparison Pair,b1-vs-m1,Birmingham vs Manchester,b1 vs m1 damp risk comparison,Head-to-head damp risk comparison: B1 vs M1,Pending / Discovered,2026-10-10,,,,,
https://checkdamp.co.uk/compare/b21-vs-m14,Comparison Pair,b21-vs-m14,Birmingham vs Manchester,b21 vs m14 damp risk comparison,Head-to-head damp risk comparison: B21 vs M14,Pending / Discovered,2026-10-10,,,,,
https://checkdamp.co.uk/compare/b23-vs-m20,Comparison Pair,b23-vs-m20,Birmingham vs Manchester,b23 vs m20 damp risk comparison,Head-to-head damp risk comparison: B23 vs M20,Pending / Discovered,2026-10-10,,,,,
https://checkdamp.co.uk/compare/b13-vs-m21,Comparison Pair,b13-vs-m21,Birmingham vs Manchester,b13 vs m21 damp risk comparison,Head-to-head damp risk comparison: B13 vs M21,Pending / Discovered,2026-10-10,,,,,